weather_station_1,2016/7/1 0:00,50,liveimage1.jpg
weather_station_2,2016/7/1 0:00,50,
weather_station_3,2016/7/1 0:00,50,liveimage2.jpg
weather_station_4,2016/7/1 0:00,50,
weather_station_5,2016/7/1 0:00,50,liveimage1.jpg
weather_station_6,2016/7/1 0:00,50,
weather_station_7,2016/7/1 0:00,50,liveimage2.jpg
weather_station_8,2016/7/1 0:00,50,
weather_station_9,2016/7/1 0:00,50,liveimage1.jpg
weather_station_10,2016/7/1 0:00,50,
weather_station_11,2016/7/1 0:00,50,liveimage2.jpg
weather_station_12,2016/7/1 0:00,50,
weather_station_13,2016/7/1 0:00,50,liveimage1.jpg
weather_station_14,2016/7/1 0:00,50,
weather_station_15,2016/7/1 0:00,50,liveimage2.jpg
weather_station_16,2016/7/1 0:00,50,
weather_station_17,2016/7/1 0:00,50,liveimage1.jpg
weather_station_18,2016/7/1 0:00,50,
weather_station_19,2016/7/1 0:00,50,liveimage2.jpg
weather_station_20,2016/7/1 0:00,50,
weather_station_21,2016/7/1 0:00,50,liveimage1.jpg
weather_station_22,2016/7/1 0:00,50,
weather_station_23,2016/7/1 0:00,50,liveimage2.jpg
weather_station_24,2016/7/1 0:00,50,
weather_station_25,2016/7/1 0:00,50,liveimage1.jpg
weather_station_26,2016/7/1 0:00,50,
weather_station_27,2016/7/1 0:00,50,liveimage2.jpg
weather_station_28,2016/7/1 0:00,50,
weather_station_29,2016/7/1 0:00,50,liveimage1.jpg
weather_station_30,2016/7/1 0:00,50,
weather_station_31,2016/7/1 0:00,50,liveimage2.jpg
weather_station_32,2016/7/1 0:00,50,
weather_station_33,2016/7/1 0:00,50,liveimage1.jpg
weather_station_34,2016/7/1 0:00,50,
weather_station_35,2016/7/1 0:00,50,liveimage2.jpg
weather_station_36,2016/7/1 0:00,50,
weather_station_37,2016/7/1 0:00,50,liveimage1.jpg
weather_station_38,2016/7/1 0:00,50,
weather_station_39,2016/7/1 0:00,50,liveimage2.jpg
weather_station_40,2016/7/1 0:00,50,
weather_station_41,2016/7/1 0:00,50,liveimage1.jpg
weather_station_42,2016/7/1 0:00,50,
weather_station_43,2016/7/1 0:00,50,liveimage2.jpg
weather_station_44,2016/7/1 0:00,50,
weather_station_45,2016/7/1 0:00,50,liveimage1.jpg
weather_station_46,2016/7/1 0:00,50,
weather_station_47,2016/7/1 0:00,50,liveimage2.jpg
weather_station_1,2016/7/1 6:00,70,liveimage2.jpg
weather_station_2,2016/7/1 6:00,70,
weather_station_3,2016/7/1 6:00,70,liveimage1.jpg
weather_station_4,2016/7/1 6:00,70,
weather_station_5,2016/7/1 6:00,70,liveimage2.jpg
weather_station_6,2016/7/1 6:00,70,
weather_station_7,2016/7/1 6:00,70,liveimage1.jpg
weather_station_8,2016/7/1 6:00,70,
weather_station_9,2016/7/1 6:00,70,liveimage2.jpg
weather_station_10,2016/7/1 6:00,70,
weather_station_11,2016/7/1 6:00,70,liveimage1.jpg
weather_station_12,2016/7/1 6:00,70,
weather_station_13,2016/7/1 6:00,70,liveimage2.jpg
weather_station_14,2016/7/1 6:00,70,
weather_station_15,2016/7/1 6:00,70,liveimage1.jpg
weather_station_16,2016/7/1 6:00,70,
weather_station_17,2016/7/1 6:00,70,liveimage2.jpg
weather_station_18,2016/7/1 6:00,70,
weather_station_19,2016/7/1 6:00,70,liveimage1.jpg
weather_station_20,2016/7/1 6:00,70,
weather_station_21,2016/7/1 6:00,70,liveimage2.jpg
weather_station_22,2016/7/1 6:00,70,
weather_station_23,2016/7/1 6:00,70,liveimage1.jpg
weather_station_24,2016/7/1 6:00,70,
weather_station_25,2016/7/1 6:00,70,liveimage2.jpg
weather_station_26,2016/7/1 6:00,70,
weather_station_27,2016/7/1 6:00,70,liveimage1.jpg
weather_station_28,2016/7/1 6:00,70,
weather_station_29,2016/7/1 6:00,70,liveimage2.jpg
weather_station_30,2016/7/1 6:00,70,
weather_station_31,2016/7/1 6:00,70,liveimage1.jpg
weather_station_32,2016/7/1 6:00,70,
weather_station_33,2016/7/1 6:00,70,liveimage2.jpg
weather_station_34,2016/7/1 6:00,70,
weather_station_35,2016/7/1 6:00,70,liveimage1.jpg
weather_station_36,2016/7/1 6:00,70,
weather_station_37,2016/7/1 6:00,70,liveimage2.jpg
weather_station_38,2016/7/1 6:00,70,
weather_station_39,2016/7/1 6:00,70,liveimage1.jpg
weather_station_40,2016/7/1 6:00,70,
weather_station_41,2016/7/1 6:00,70,liveimage2.jpg
weather_station_42,2016/7/1 6:00,70,
weather_station_43,2016/7/1 6:00,70,liveimage1.jpg
weather_station_44,2016/7/1 6:00,70,
weather_station_45,2016/7/1 6:00,70,liveimage2.jpg
weather_station_46,2016/7/1 6:00,70,
weather_station_47,2016/7/1 6:00,70,liveimage1.jpg
weather_station_1,2016/7/1 12:00,80,liveimage1.jpg
weather_station_2,2016/7/1 12:00,80,
weather_station_3,2016/7/1 12:00,80,liveimage2.jpg
weather_station_4,2016/7/1 12:00,80,
weather_station_5,2016/7/1 12:00,80,liveimage1.jpg
weather_station_6,2016/7/1 12:00,80,
weather_station_7,2016/7/1 12:00,80,liveimage2.jpg
weather_station_8,2016/7/1 12:00,80,
weather_station_9,2016/7/1 12:00,80,liveimage1.jpg
weather_station_10,2016/7/1 12:00,80,
weather_station_11,2016/7/1 12:00,80,liveimage2.jpg
weather_station_12,2016/7/1 12:00,80,
weather_station_13,2016/7/1 12:00,80,liveimage1.jpg
weather_station_14,2016/7/1 12:00,80,
weather_station_15,2016/7/1 12:00,80,liveimage2.jpg
weather_station_16,2016/7/1 12:00,80,
weather_station_17,2016/7/1 12:00,80,liveimage1.jpg
weather_station_18,2016/7/1 12:00,80,
weather_station_19,2016/7/1 12:00,80,liveimage2.jpg
weather_station_20,2016/7/1 12:00,80,
weather_station_21,2016/7/1 12:00,80,liveimage1.jpg
weather_station_22,2016/7/1 12:00,80,
weather_station_23,2016/7/1 12:00,80,liveimage2.jpg
weather_station_24,2016/7/1 12:00,80,
weather_station_25,2016/7/1 12:00,80,liveimage1.jpg
weather_station_26,2016/7/1 12:00,80,
weather_station_27,2016/7/1 12:00,80,liveimage2.jpg
weather_station_28,2016/7/1 12:00,80,
weather_station_29,2016/7/1 12:00,80,liveimage1.jpg
weather_station_30,2016/7/1 12:00,80,
weather_station_31,2016/7/1 12:00,80,liveimage2.jpg
weather_station_32,2016/7/1 12:00,80,
weather_station_33,2016/7/1 12:00,80,liveimage1.jpg
weather_station_34,2016/7/1 12:00,80,
weather_station_35,2016/7/1 12:00,80,liveimage2.jpg
weather_station_36,2016/7/1 12:00,80,
weather_station_37,2016/7/1 12:00,80,liveimage1.jpg
weather_station_38,2016/7/1 12:00,80,
weather_station_39,2016/7/1 12:00,80,liveimage2.jpg
weather_station_40,2016/7/1 12:00,80,
weather_station_41,2016/7/1 12:00,80,liveimage1.jpg
weather_station_42,2016/7/1 12:00,80,
weather_station_43,2016/7/1 12:00,80,liveimage2.jpg
weather_station_44,2016/7/1 12:00,80,
weather_station_45,2016/7/1 12:00,80,liveimage1.jpg
weather_station_46,2016/7/1 12:00,80,
weather_station_47,2016/7/1 12:00,80,liveimage2.jpg
weather_station_1,2016/7/1 18:00,70,liveimage2.jpg
weather_station_2,2016/7/1 18:00,70,
weather_station_3,2016/7/1 18:00,70,liveimage1.jpg
weather_station_4,2016/7/1 18:00,70,
weather_station_5,2016/7/1 18:00,70,liveimage2.jpg
weather_station_6,2016/7/1 18:00,70,
weather_station_7,2016/7/1 18:00,70,liveimage1.jpg
weather_station_8,2016/7/1 18:00,70,
weather_station_9,2016/7/1 18:00,70,liveimage2.jpg
weather_station_10,2016/7/1 18:00,70,
weather_station_11,2016/7/1 18:00,70,liveimage1.jpg
weather_station_12,2016/7/1 18:00,70,
weather_station_13,2016/7/1 18:00,70,liveimage2.jpg
weather_station_14,2016/7/1 18:00,70,
weather_station_15,2016/7/1 18:00,70,liveimage1.jpg
weather_station_16,2016/7/1 18:00,70,
weather_station_17,2016/7/1 18:00,70,liveimage2.jpg
weather_station_18,2016/7/1 18:00,70,
weather_station_19,2016/7/1 18:00,70,liveimage1.jpg
weather_station_20,2016/7/1 18:00,70,
weather_station_21,2016/7/1 18:00,70,liveimage2.jpg
weather_station_22,2016/7/1 18:00,70,
weather_station_23,2016/7/1 18:00,70,liveimage1.jpg
weather_station_24,2016/7/1 18:00,70,
weather_station_25,2016/7/1 18:00,70,liveimage2.jpg
weather_station_26,2016/7/1 18:00,70,
weather_station_27,2016/7/1 18:00,70,liveimage1.jpg
weather_station_28,2016/7/1 18:00,70,
weather_station_29,2016/7/1 18:00,70,liveimage2.jpg
weather_station_30,2016/7/1 18:00,70,
weather_station_31,2016/7/1 18:00,70,liveimage1.jpg
weather_station_32,2016/7/1 18:00,70,
weather_station_33,2016/7/1 18:00,70,liveimage2.jpg
weather_station_34,2016/7/1 18:00,70,
weather_station_35,2016/7/1 18:00,70,liveimage1.jpg
weather_station_36,2016/7/1 18:00,70,
weather_station_37,2016/7/1 18:00,70,liveimage2.jpg
weather_station_38,2016/7/1 18:00,70,
weather_station_39,2016/7/1 18:00,70,liveimage1.jpg
weather_station_40,2016/7/1 18:00,70,
weather_station_41,2016/7/1 18:00,70,liveimage2.jpg
weather_station_42,2016/7/1 18:00,70,
weather_station_43,2016/7/1 18:00,70,liveimage1.jpg
weather_station_44,2016/7/1 18:00,70,
weather_station_45,2016/7/1 18:00,70,liveimage2.jpg
weather_station_46,2016/7/1 18:00,70,
weather_station_47,2016/7/1 18:00,70,liveimage1.jpg
weather_station_1,2016/7/2 0:00,50,liveimage1.jpg
weather_station_2,2016/7/2 0:00,50,
weather_station_3,2016/7/2 0:00,50,liveimage2.jpg
weather_station_4,2016/7/2 0:00,50,
weather_station_5,2016/7/2 0:00,50,liveimage1.jpg
weather_station_6,2016/7/2 0:00,50,
weather_station_7,2016/7/2 0:00,50,liveimage2.jpg
weather_station_8,2016/7/2 0:00,50,
weather_station_9,2016/7/2 0:00,50,liveimage1.jpg
weather_station_10,2016/7/2 0:00,50,
weather_station_11,2016/7/2 0:00,50,liveimage2.jpg
weather_station_12,2016/7/2 0:00,50,
weather_station_13,2016/7/2 0:00,50,liveimage1.jpg
weather_station_14,2016/7/2 0:00,50,
weather_station_15,2016/7/2 0:00,50,liveimage2.jpg
weather_station_16,2016/7/2 0:00,50,
weather_station_17,2016/7/2 0:00,50,liveimage1.jpg
weather_station_18,2016/7/2 0:00,50,
weather_station_19,2016/7/2 0:00,50,liveimage2.jpg
weather_station_20,2016/7/2 0:00,50,
weather_station_21,2016/7/2 0:00,50,liveimage1.jpg
weather_station_22,2016/7/2 0:00,50,
weather_station_23,2016/7/2 0:00,50,liveimage2.jpg
weather_station_24,2016/7/2 0:00,50,
weather_station_25,2016/7/2 0:00,50,liveimage1.jpg
weather_station_26,2016/7/2 0:00,50,
weather_station_27,2016/7/2 0:00,50,liveimage2.jpg
weather_station_28,2016/7/2 0:00,50,
weather_station_29,2016/7/2 0:00,50,liveimage1.jpg
weather_station_30,2016/7/2 0:00,50,
weather_station_31,2016/7/2 0:00,50,liveimage2.jpg
weather_station_32,2016/7/2 0:00,50,
weather_station_33,2016/7/2 0:00,50,liveimage1.jpg
weather_station_34,2016/7/2 0:00,50,
weather_station_35,2016/7/2 0:00,50,liveimage2.jpg
weather_station_36,2016/7/2 0:00,50,
weather_station_37,2016/7/2 0:00,50,liveimage1.jpg
weather_station_38,2016/7/2 0:00,50,
weather_station_39,2016/7/2 0:00,50,liveimage2.jpg
weather_station_40,2016/7/2 0:00,50,
weather_station_41,2016/7/2 0:00,50,liveimage1.jpg
weather_station_42,2016/7/2 0:00,50,
weather_station_43,2016/7/2 0:00,50,liveimage2.jpg
weather_station_44,2016/7/2 0:00,50,
weather_station_45,2016/7/2 0:00,50,liveimage1.jpg
weather_station_46,2016/7/2 0:00,50,
weather_station_47,2016/7/2 0:00,50,liveimage2.jpg
weather_station_1,2016/7/2 6:00,70,liveimage2.jpg
weather_station_2,2016/7/2 6:00,70,
weather_station_3,2016/7/2 6:00,70,liveimage1.jpg
weather_station_4,2016/7/2 6:00,70,
weather_station_5,2016/7/2 6:00,70,liveimage2.jpg
weather_station_6,2016/7/2 6:00,70,
weather_station_7,2016/7/2 6:00,70,liveimage1.jpg
weather_station_8,2016/7/2 6:00,70,
weather_station_9,2016/7/2 6:00,70,liveimage2.jpg
weather_station_10,2016/7/2 6:00,70,
weather_station_11,2016/7/2 6:00,70,liveimage1.jpg
weather_station_12,2016/7/2 6:00,70,
weather_station_13,2016/7/2 6:00,70,liveimage2.jpg
weather_station_14,2016/7/2 6:00,70,
weather_station_15,2016/7/2 6:00,70,liveimage1.jpg
weather_station_16,2016/7/2 6:00,70,
weather_station_17,2016/7/2 6:00,70,liveimage2.jpg
weather_station_18,2016/7/2 6:00,70,
weather_station_19,2016/7/2 6:00,70,liveimage1.jpg
weather_station_20,2016/7/2 6:00,70,
weather_station_21,2016/7/2 6:00,70,liveimage2.jpg
weather_station_22,2016/7/2 6:00,70,
weather_station_23,2016/7/2 6:00,70,liveimage1.jpg
weather_station_24,2016/7/2 6:00,70,
weather_station_25,2016/7/2 6:00,70,liveimage2.jpg
weather_station_26,2016/7/2 6:00,70,
weather_station_27,2016/7/2 6:00,70,liveimage1.jpg
weather_station_28,2016/7/2 6:00,70,
weather_station_29,2016/7/2 6:00,70,liveimage2.jpg
weather_station_30,2016/7/2 6:00,70,
weather_station_31,2016/7/2 6:00,70,liveimage1.jpg
weather_station_32,2016/7/2 6:00,70,
weather_station_33,2016/7/2 6:00,70,liveimage2.jpg
weather_station_34,2016/7/2 6:00,70,
weather_station_35,2016/7/2 6:00,70,liveimage1.jpg
weather_station_36,2016/7/2 6:00,70,
weather_station_37,2016/7/2 6:00,70,liveimage2.jpg
weather_station_38,2016/7/2 6:00,70,
weather_station_39,2016/7/2 6:00,70,liveimage1.jpg
weather_station_40,2016/7/2 6:00,70,
weather_station_41,2016/7/2 6:00,70,liveimage2.jpg
weather_station_42,2016/7/2 6:00,70,
weather_station_43,2016/7/2 6:00,70,liveimage1.jpg
weather_station_44,2016/7/2 6:00,70,
weather_station_45,2016/7/2 6:00,70,liveimage2.jpg
weather_station_46,2016/7/2 6:00,70,
weather_station_47,2016/7/2 6:00,70,liveimage1.jpg
weather_station_1,2016/7/2 12:00,80,liveimage1.jpg
weather_station_2,2016/7/2 12:00,80,
weather_station_3,2016/7/2 12:00,80,liveimage2.jpg
weather_station_4,2016/7/2 12:00,80,
weather_station_5,2016/7/2 12:00,80,liveimage1.jpg
weather_station_6,2016/7/2 12:00,80,
weather_station_7,2016/7/2 12:00,80,liveimage2.jpg
weather_station_8,2016/7/2 12:00,80,
weather_station_9,2016/7/2 12:00,80,liveimage1.jpg
weather_station_10,2016/7/2 12:00,80,
weather_station_11,2016/7/2 12:00,80,liveimage2.jpg
weather_station_12,2016/7/2 12:00,80,
weather_station_13,2016/7/2 12:00,80,liveimage1.jpg
weather_station_14,2016/7/2 12:00,80,
weather_station_15,2016/7/2 12:00,80,liveimage2.jpg
weather_station_16,2016/7/2 12:00,80,
weather_station_17,2016/7/2 12:00,80,liveimage1.jpg
weather_station_18,2016/7/2 12:00,80,
weather_station_19,2016/7/2 12:00,80,liveimage2.jpg
weather_station_20,2016/7/2 12:00,80,
weather_station_21,2016/7/2 12:00,80,liveimage1.jpg
weather_station_22,2016/7/2 12:00,80,
weather_station_23,2016/7/2 12:00,80,liveimage2.jpg
weather_station_24,2016/7/2 12:00,80,
weather_station_25,2016/7/2 12:00,80,liveimage1.jpg
weather_station_26,2016/7/2 12:00,80,
weather_station_27,2016/7/2 12:00,80,liveimage2.jpg
weather_station_28,2016/7/2 12:00,80,
weather_station_29,2016/7/2 12:00,80,liveimage1.jpg
weather_station_30,2016/7/2 12:00,80,
weather_station_31,2016/7/2 12:00,80,liveimage2.jpg
weather_station_32,2016/7/2 12:00,80,
weather_station_33,2016/7/2 12:00,80,liveimage1.jpg
weather_station_34,2016/7/2 12:00,80,
weather_station_35,2016/7/2 12:00,80,liveimage2.jpg
weather_station_36,2016/7/2 12:00,80,
weather_station_37,2016/7/2 12:00,80,liveimage1.jpg
weather_station_38,2016/7/2 12:00,80,
weather_station_39,2016/7/2 12:00,80,liveimage2.jpg
weather_station_40,2016/7/2 12:00,80,
weather_station_41,2016/7/2 12:00,80,liveimage1.jpg
weather_station_42,2016/7/2 12:00,80,
weather_station_43,2016/7/2 12:00,80,liveimage2.jpg
weather_station_44,2016/7/2 12:00,80,
weather_station_45,2016/7/2 12:00,80,liveimage1.jpg
weather_station_46,2016/7/2 12:00,80,
weather_station_47,2016/7/2 12:00,80,liveimage2.jpg
weather_station_1,2016/7/2 18:00,70,liveimage2.jpg
weather_station_2,2016/7/2 18:00,70,
weather_station_3,2016/7/2 18:00,70,liveimage1.jpg
weather_station_4,2016/7/2 18:00,70,
weather_station_5,2016/7/2 18:00,70,liveimage2.jpg
weather_station_6,2016/7/2 18:00,70,
weather_station_7,2016/7/2 18:00,70,liveimage1.jpg
weather_station_8,2016/7/2 18:00,70,
weather_station_9,2016/7/2 18:00,70,liveimage2.jpg
weather_station_10,2016/7/2 18:00,70,
weather_station_11,2016/7/2 18:00,70,liveimage1.jpg
weather_station_12,2016/7/2 18:00,70,
weather_station_13,2016/7/2 18:00,70,liveimage2.jpg
weather_station_14,2016/7/2 18:00,70,
weather_station_15,2016/7/2 18:00,70,liveimage1.jpg
weather_station_16,2016/7/2 18:00,70,
weather_station_17,2016/7/2 18:00,70,liveimage2.jpg
weather_station_18,2016/7/2 18:00,70,
weather_station_19,2016/7/2 18:00,70,liveimage1.jpg
weather_station_20,2016/7/2 18:00,70,
weather_station_21,2016/7/2 18:00,70,liveimage2.jpg
weather_station_22,2016/7/2 18:00,70,
weather_station_23,2016/7/2 18:00,70,liveimage1.jpg
weather_station_24,2016/7/2 18:00,70,
weather_station_25,2016/7/2 18:00,70,liveimage2.jpg
weather_station_26,2016/7/2 18:00,70,
weather_station_27,2016/7/2 18:00,70,liveimage1.jpg
weather_station_28,2016/7/2 18:00,70,
weather_station_29,2016/7/2 18:00,70,liveimage2.jpg
weather_station_30,2016/7/2 18:00,70,
weather_station_31,2016/7/2 18:00,70,liveimage1.jpg
weather_station_32,2016/7/2 18:00,70,
weather_station_33,2016/7/2 18:00,70,liveimage2.jpg
weather_station_34,2016/7/2 18:00,70,
weather_station_35,2016/7/2 18:00,70,liveimage1.jpg
weather_station_36,2016/7/2 18:00,70,
weather_station_37,2016/7/2 18:00,70,liveimage2.jpg
weather_station_38,2016/7/2 18:00,70,
weather_station_39,2016/7/2 18:00,70,liveimage1.jpg
weather_station_40,2016/7/2 18:00,70,
weather_station_41,2016/7/2 18:00,70,liveimage2.jpg
weather_station_42,2016/7/2 18:00,70,
weather_station_43,2016/7/2 18:00,70,liveimage1.jpg
weather_station_44,2016/7/2 18:00,70,
weather_station_45,2016/7/2 18:00,70,liveimage2.jpg
weather_station_46,2016/7/2 18:00,70,
weather_station_47,2016/7/2 18:00,70,liveimage1.jpg
