1,Hokkaido-Sapporo,43.06417,141.34694,true
2,Aomori-Aomori,40.82444,140.74,false
3,Iwate-Morioka,39.70361,141.1525,true
4,Miyagi-Sendai,38.26889,140.87194,false
5,Akita-Akita,39.71861,140.1025,true
6,Yamagata-Yamagata,38.24056,140.36333,false
7,Fukushima-Fukushima,37.75,140.46778,true
8,Ibaragi-Mito,36.34139,140.44667,false
9,Tochigi-Uthunomiya,36.56583,139.88361,true
10,Gunma-Maebashi,36.39111,139.06083,false
11,Saitama-Saitama,35.85694,139.64889,true
12,Chiba-Chiba,35.60472,140.12333,false
13,Tokyo-Shinjuku,35.68944,139.69167,true
14,Kanagawa-Yokohama,35.44778,139.6425,false
15,Nigata-Nigata,37.90222,139.02361,true
16,Toyama-Toyama,36.69528,137.21139,false
17,Ishikawa-Kanazawa,36.59444,136.62556,false
18,Fukui-Fukui,36.06528,136.22194,true
19,Yamanashi-Kofu,35.66389,138.56833,false
20,Nagano-Nagano,36.65139,138.18111,true
21,Gifu-Gifu,35.39111,136.72222,false
22,Shizuoka-Shizuoka,34.97694,138.38306,true
23,Aichi-Nahoya,35.18028,136.90667,false
24,Mie-Tsu,34.73028,136.50861,true
25,Shiga-Otsu,35.00444,135.86833,false
26,Kyoto-Kyoto,35.02139,135.75556,true
27,Osaka-Osaka,34.68639,135.52,false
28,Hyougo-Koube,34.69139,135.18306,true
29,Nara-Nara,34.68528,135.83278,false
30,Wakayama-Wakayama,34.22611,135.1675,true
31,Tottori-Tottori,35.50361,134.23833,false
32,Shimane-Matsue,35.47222,133.05056,true
33,Okayama-Okayama,34.66167,133.935,false
34,Hiroshima-Hiroshima,34.39639,132.45944,true
35,Yamaguchi-Yamaguchi,34.18583,131.47139,false
36,Tokushima-Tokushima,34.06583,134.55944,true
37,Kagawa-Takamatsu,34.34028,134.04333,false
38,Ehime-Matsuyama,33.84167,132.76611,true
39,Kouchi-Kouchi,33.55972,133.53111,false
40,Fukuoka-Fukuoka,33.60639,130.41806,true
41,Saga-Saga,33.24944,130.29889,false
42,Nagasaki-Nagasaki,32.74472,129.87361,true
43,Kumamoto-Kumamoto,32.78972,130.74167,false
44,Oita-Oita,33.23806,131.6125,true
45,Miyazaki-Miyazaki,31.91111,131.42389,false
46,Kagoshima-Kagoshima,31.56028,130.55806,true
47,Okinawa-Naha,26.2125,127.68111,false
